,oldFile,newFile
0,/nfs/slac/g/supercdms/tf/northwestern/AnimalData/AR70/processing_coinc_v0701/coincident_TES_PMT_20190703121358.pkl,/gpfs/slac/staas/fs1/supercdms/data/CDMS/Animal/R70/Processed/Releases/ProdCoinc0701/Merged/27190703_121358.pkl
1,/nfs/slac/g/supercdms/tf/northwestern/AnimalData/AR70/processing_coinc_v0701/coincident_TES_PMT_20190703133457.pkl,/gpfs/slac/staas/fs1/supercdms/data/CDMS/Animal/R70/Processed/Releases/ProdCoinc0701/Merged/27190703_133457.pkl
2,/nfs/slac/g/supercdms/tf/northwestern/AnimalData/AR70/processing_coinc_v0701/coincident_TES_PMT_20190703145238.pkl,/gpfs/slac/staas/fs1/supercdms/data/CDMS/Animal/R70/Processed/Releases/ProdCoinc0701/Merged/27190703_145238.pkl
3,/nfs/slac/g/supercdms/tf/northwestern/AnimalData/AR70/processing_coinc_v0701/coincident_TES_PMT_20190703150933.pkl,/gpfs/slac/staas/fs1/supercdms/data/CDMS/Animal/R70/Processed/Releases/ProdCoinc0701/Merged/27190703_150933.pkl
4,/nfs/slac/g/supercdms/tf/northwestern/AnimalData/AR70/processing_coinc_v0701/coincident_TES_PMT_20190703161354.pkl,/gpfs/slac/staas/fs1/supercdms/data/CDMS/Animal/R70/Processed/Releases/ProdCoinc0701/Merged/27190703_161354.pkl
5,/nfs/slac/g/supercdms/tf/northwestern/AnimalData/AR70/processing_coinc_v0701/coincident_TES_PMT_20190703171511.pkl,/gpfs/slac/staas/fs1/supercdms/data/CDMS/Animal/R70/Processed/Releases/ProdCoinc0701/Merged/27190703_171511.pkl
6,/nfs/slac/g/supercdms/tf/northwestern/AnimalData/AR70/processing_coinc_v0701/coincident_TES_PMT_20190703181711.pkl,/gpfs/slac/staas/fs1/supercdms/data/CDMS/Animal/R70/Processed/Releases/ProdCoinc0701/Merged/27190703_181711.pkl
7,/nfs/slac/g/supercdms/tf/northwestern/AnimalData/AR70/processing_coinc_v0701/coincident_TES_PMT_20190703191802.pkl,/gpfs/slac/staas/fs1/supercdms/data/CDMS/Animal/R70/Processed/Releases/ProdCoinc0701/Merged/27190703_191802.pkl
8,/nfs/slac/g/supercdms/tf/northwestern/AnimalData/AR70/processing_coinc_v0701/coincident_TES_PMT_20190703201837.pkl,/gpfs/slac/staas/fs1/supercdms/data/CDMS/Animal/R70/Processed/Releases/ProdCoinc0701/Merged/27190703_201837.pkl
9,/nfs/slac/g/supercdms/tf/northwestern/AnimalData/AR70/processing_coinc_v0701/coincident_TES_PMT_20190704110350.pkl,/gpfs/slac/staas/fs1/supercdms/data/CDMS/Animal/R70/Processed/Releases/ProdCoinc0701/Merged/27190704_110350.pkl
10,/nfs/slac/g/supercdms/tf/northwestern/AnimalData/AR70/processing_coinc_v0701/coincident_TES_PMT_20190704114751.pkl,/gpfs/slac/staas/fs1/supercdms/data/CDMS/Animal/R70/Processed/Releases/ProdCoinc0701/Merged/27190704_114751.pkl
11,/nfs/slac/g/supercdms/tf/northwestern/AnimalData/AR70/processing_coinc_v0701/coincident_TES_PMT_20190704125008.pkl,/gpfs/slac/staas/fs1/supercdms/data/CDMS/Animal/R70/Processed/Releases/ProdCoinc0701/Merged/27190704_125008.pkl
12,/nfs/slac/g/supercdms/tf/northwestern/AnimalData/AR70/processing_coinc_v0701/coincident_TES_PMT_20190704135507.pkl,/gpfs/slac/staas/fs1/supercdms/data/CDMS/Animal/R70/Processed/Releases/ProdCoinc0701/Merged/27190704_135507.pkl
13,/nfs/slac/g/supercdms/tf/northwestern/AnimalData/AR70/processing_coinc_v0701/coincident_TES_PMT_20190704142803.pkl,/gpfs/slac/staas/fs1/supercdms/data/CDMS/Animal/R70/Processed/Releases/ProdCoinc0701/Merged/27190704_142803.pkl
14,/nfs/slac/g/supercdms/tf/northwestern/AnimalData/AR70/processing_coinc_v0701/coincident_TES_PMT_20190704153833.pkl,/gpfs/slac/staas/fs1/supercdms/data/CDMS/Animal/R70/Processed/Releases/ProdCoinc0701/Merged/27190704_153833.pkl
15,/nfs/slac/g/supercdms/tf/northwestern/AnimalData/AR70/processing_coinc_v0701/coincident_TES_PMT_20190704163933.pkl,/gpfs/slac/staas/fs1/supercdms/data/CDMS/Animal/R70/Processed/Releases/ProdCoinc0701/Merged/27190704_163933.pkl
16,/nfs/slac/g/supercdms/tf/northwestern/AnimalData/AR70/processing_coinc_v0701/coincident_TES_PMT_20190704174055.pkl,/gpfs/slac/staas/fs1/supercdms/data/CDMS/Animal/R70/Processed/Releases/ProdCoinc0701/Merged/27190704_174055.pkl
17,/nfs/slac/g/supercdms/tf/northwestern/AnimalData/AR70/processing_coinc_v0701/coincident_TES_PMT_20190704174904.pkl,/gpfs/slac/staas/fs1/supercdms/data/CDMS/Animal/R70/Processed/Releases/ProdCoinc0701/Merged/27190704_174904.pkl
18,/nfs/slac/g/supercdms/tf/northwestern/AnimalData/AR70/processing_coinc_v0701/coincident_TES_PMT_20190704185057.pkl,/gpfs/slac/staas/fs1/supercdms/data/CDMS/Animal/R70/Processed/Releases/ProdCoinc0701/Merged/27190704_185057.pkl
19,/nfs/slac/g/supercdms/tf/northwestern/AnimalData/AR70/processing_coinc_v0701/coincident_TES_PMT_20190704195829.pkl,/gpfs/slac/staas/fs1/supercdms/data/CDMS/Animal/R70/Processed/Releases/ProdCoinc0701/Merged/27190704_195829.pkl
20,/nfs/slac/g/supercdms/tf/northwestern/AnimalData/AR70/processing_coinc_v0701/coincident_TES_PMT_20190705104342.pkl,/gpfs/slac/staas/fs1/supercdms/data/CDMS/Animal/R70/Processed/Releases/ProdCoinc0701/Merged/27190705_104342.pkl
21,/nfs/slac/g/supercdms/tf/northwestern/AnimalData/AR70/processing_coinc_v0701/coincident_TES_PMT_20190705114603.pkl,/gpfs/slac/staas/fs1/supercdms/data/CDMS/Animal/R70/Processed/Releases/ProdCoinc0701/Merged/27190705_114603.pkl
22,/nfs/slac/g/supercdms/tf/northwestern/AnimalData/AR70/processing_coinc_v0701/coincident_TES_PMT_20190705124305.pkl,/gpfs/slac/staas/fs1/supercdms/data/CDMS/Animal/R70/Processed/Releases/ProdCoinc0701/Merged/27190705_124305.pkl
23,/nfs/slac/g/supercdms/tf/northwestern/AnimalData/AR70/processing_coinc_v0701/coincident_TES_PMT_20190705135751.pkl,/gpfs/slac/staas/fs1/supercdms/data/CDMS/Animal/R70/Processed/Releases/ProdCoinc0701/Merged/27190705_135751.pkl
24,/nfs/slac/g/supercdms/tf/northwestern/AnimalData/AR70/processing_coinc_v0701/coincident_TES_PMT_20190705150304.pkl,/gpfs/slac/staas/fs1/supercdms/data/CDMS/Animal/R70/Processed/Releases/ProdCoinc0701/Merged/27190705_150304.pkl
25,/nfs/slac/g/supercdms/tf/northwestern/AnimalData/AR70/processing_coinc_v0701/coincident_TES_PMT_20190705160429.pkl,/gpfs/slac/staas/fs1/supercdms/data/CDMS/Animal/R70/Processed/Releases/ProdCoinc0701/Merged/27190705_160429.pkl
26,/nfs/slac/g/supercdms/tf/northwestern/AnimalData/AR70/processing_coinc_v0701/coincident_TES_PMT_20190705170508.pkl,/gpfs/slac/staas/fs1/supercdms/data/CDMS/Animal/R70/Processed/Releases/ProdCoinc0701/Merged/27190705_170508.pkl
27,/nfs/slac/g/supercdms/tf/northwestern/AnimalData/AR70/processing_coinc_v0701/coincident_TES_PMT_20190705180350.pkl,/gpfs/slac/staas/fs1/supercdms/data/CDMS/Animal/R70/Processed/Releases/ProdCoinc0701/Merged/27190705_180350.pkl
28,/nfs/slac/g/supercdms/tf/northwestern/AnimalData/AR70/processing_coinc_v0701/coincident_TES_PMT_20190705190710.pkl,/gpfs/slac/staas/fs1/supercdms/data/CDMS/Animal/R70/Processed/Releases/ProdCoinc0701/Merged/27190705_190710.pkl
29,/nfs/slac/g/supercdms/tf/northwestern/AnimalData/AR70/processing_coinc_v0701/coincident_TES_PMT_20190705191828.pkl,/gpfs/slac/staas/fs1/supercdms/data/CDMS/Animal/R70/Processed/Releases/ProdCoinc0701/Merged/27190705_191828.pkl
30,/nfs/slac/g/supercdms/tf/northwestern/AnimalData/AR70/processing_coinc_v0701/coincident_TES_PMT_20190705193102.pkl,/gpfs/slac/staas/fs1/supercdms/data/CDMS/Animal/R70/Processed/Releases/ProdCoinc0701/Merged/27190705_193102.pkl
31,/nfs/slac/g/supercdms/tf/northwestern/AnimalData/AR70/processing_coinc_v0701/coincident_TES_PMT_20190705195516.pkl,/gpfs/slac/staas/fs1/supercdms/data/CDMS/Animal/R70/Processed/Releases/ProdCoinc0701/Merged/27190705_195516.pkl
32,/nfs/slac/g/supercdms/tf/northwestern/AnimalData/AR70/processing_coinc_v0701/coincident_TES_PMT_20190705205559.pkl,/gpfs/slac/staas/fs1/supercdms/data/CDMS/Animal/R70/Processed/Releases/ProdCoinc0701/Merged/27190705_205559.pkl
33,/nfs/slac/g/supercdms/tf/northwestern/AnimalData/AR70/processing_coinc_v0701/coincident_TES_PMT_20190705210415.pkl,/gpfs/slac/staas/fs1/supercdms/data/CDMS/Animal/R70/Processed/Releases/ProdCoinc0701/Merged/27190705_210415.pkl
34,/nfs/slac/g/supercdms/tf/northwestern/AnimalData/AR70/processing_coinc_v0701/coincident_TES_PMT_20190705212902.pkl,/gpfs/slac/staas/fs1/supercdms/data/CDMS/Animal/R70/Processed/Releases/ProdCoinc0701/Merged/27190705_212902.pkl
35,/nfs/slac/g/supercdms/tf/northwestern/AnimalData/AR70/processing_coinc_v0701/coincident_TES_PMT_20190706131614.pkl,/gpfs/slac/staas/fs1/supercdms/data/CDMS/Animal/R70/Processed/Releases/ProdCoinc0701/Merged/27190706_131614.pkl
36,/nfs/slac/g/supercdms/tf/northwestern/AnimalData/AR70/processing_coinc_v0701/coincident_TES_PMT_20190706141654.pkl,/gpfs/slac/staas/fs1/supercdms/data/CDMS/Animal/R70/Processed/Releases/ProdCoinc0701/Merged/27190706_141654.pkl
37,/nfs/slac/g/supercdms/tf/northwestern/AnimalData/AR70/processing_coinc_v0701/coincident_TES_PMT_20190706151700.pkl,/gpfs/slac/staas/fs1/supercdms/data/CDMS/Animal/R70/Processed/Releases/ProdCoinc0701/Merged/27190706_151700.pkl
38,/nfs/slac/g/supercdms/tf/northwestern/AnimalData/AR70/processing_coinc_v0701/coincident_TES_PMT_20190706152308.pkl,/gpfs/slac/staas/fs1/supercdms/data/CDMS/Animal/R70/Processed/Releases/ProdCoinc0701/Merged/27190706_152308.pkl
39,/nfs/slac/g/supercdms/tf/northwestern/AnimalData/AR70/processing_coinc_v0701/coincident_TES_PMT_20190706162033.pkl,/gpfs/slac/staas/fs1/supercdms/data/CDMS/Animal/R70/Processed/Releases/ProdCoinc0701/Merged/27190706_162033.pkl
40,/nfs/slac/g/supercdms/tf/northwestern/AnimalData/AR70/processing_coinc_v0701/coincident_TES_PMT_20190706172047.pkl,/gpfs/slac/staas/fs1/supercdms/data/CDMS/Animal/R70/Processed/Releases/ProdCoinc0701/Merged/27190706_172047.pkl
41,/nfs/slac/g/supercdms/tf/northwestern/AnimalData/AR70/processing_coinc_v0701/coincident_TES_PMT_20190706182100.pkl,/gpfs/slac/staas/fs1/supercdms/data/CDMS/Animal/R70/Processed/Releases/ProdCoinc0701/Merged/27190706_182100.pkl
42,/nfs/slac/g/supercdms/tf/northwestern/AnimalData/AR70/processing_coinc_v0701/coincident_TES_PMT_20190706193810.pkl,/gpfs/slac/staas/fs1/supercdms/data/CDMS/Animal/R70/Processed/Releases/ProdCoinc0701/Merged/27190706_193810.pkl
43,/nfs/slac/g/supercdms/tf/northwestern/AnimalData/AR70/processing_coinc_v0701/coincident_TES_PMT_20190706203821.pkl,/gpfs/slac/staas/fs1/supercdms/data/CDMS/Animal/R70/Processed/Releases/ProdCoinc0701/Merged/27190706_203821.pkl
44,/nfs/slac/g/supercdms/tf/northwestern/AnimalData/AR70/processing_coinc_v0701/coincident_TES_PMT_20190706213837.pkl,/gpfs/slac/staas/fs1/supercdms/data/CDMS/Animal/R70/Processed/Releases/ProdCoinc0701/Merged/27190706_213837.pkl
45,/nfs/slac/g/supercdms/tf/northwestern/AnimalData/AR70/processing_coinc_v0701/coincident_TES_PMT_20190707115021.pkl,/gpfs/slac/staas/fs1/supercdms/data/CDMS/Animal/R70/Processed/Releases/ProdCoinc0701/Merged/27190707_115021.pkl
46,/nfs/slac/g/supercdms/tf/northwestern/AnimalData/AR70/processing_coinc_v0701/coincident_TES_PMT_20190707125741.pkl,/gpfs/slac/staas/fs1/supercdms/data/CDMS/Animal/R70/Processed/Releases/ProdCoinc0701/Merged/27190707_125741.pkl
47,/nfs/slac/g/supercdms/tf/northwestern/AnimalData/AR70/processing_coinc_v0701/coincident_TES_PMT_20190707140349.pkl,/gpfs/slac/staas/fs1/supercdms/data/CDMS/Animal/R70/Processed/Releases/ProdCoinc0701/Merged/27190707_140349.pkl
48,/nfs/slac/g/supercdms/tf/northwestern/AnimalData/AR70/processing_coinc_v0701/coincident_TES_PMT_20190707150805.pkl,/gpfs/slac/staas/fs1/supercdms/data/CDMS/Animal/R70/Processed/Releases/ProdCoinc0701/Merged/27190707_150805.pkl
49,/nfs/slac/g/supercdms/tf/northwestern/AnimalData/AR70/processing_coinc_v0701/coincident_TES_PMT_20190707160923.pkl,/gpfs/slac/staas/fs1/supercdms/data/CDMS/Animal/R70/Processed/Releases/ProdCoinc0701/Merged/27190707_160923.pkl
50,/nfs/slac/g/supercdms/tf/northwestern/AnimalData/AR70/processing_coinc_v0701/coincident_TES_PMT_20190707171620.pkl,/gpfs/slac/staas/fs1/supercdms/data/CDMS/Animal/R70/Processed/Releases/ProdCoinc0701/Merged/27190707_171620.pkl
51,/nfs/slac/g/supercdms/tf/northwestern/AnimalData/AR70/processing_coinc_v0701/coincident_TES_PMT_20190707181752.pkl,/gpfs/slac/staas/fs1/supercdms/data/CDMS/Animal/R70/Processed/Releases/ProdCoinc0701/Merged/27190707_181752.pkl
52,/nfs/slac/g/supercdms/tf/northwestern/AnimalData/AR70/processing_coinc_v0701/coincident_TES_PMT_20190707191817.pkl,/gpfs/slac/staas/fs1/supercdms/data/CDMS/Animal/R70/Processed/Releases/ProdCoinc0701/Merged/27190707_191817.pkl
53,/nfs/slac/g/supercdms/tf/northwestern/AnimalData/AR70/processing_coinc_v0701/coincident_TES_PMT_20190707202157.pkl,/gpfs/slac/staas/fs1/supercdms/data/CDMS/Animal/R70/Processed/Releases/ProdCoinc0701/Merged/27190707_202157.pkl
54,/nfs/slac/g/supercdms/tf/northwestern/AnimalData/AR70/processing_coinc_v0701/coincident_TES_PMT_20190707212901.pkl,/gpfs/slac/staas/fs1/supercdms/data/CDMS/Animal/R70/Processed/Releases/ProdCoinc0701/Merged/27190707_212901.pkl
55,/nfs/slac/g/supercdms/tf/northwestern/AnimalData/AR70/processing_coinc_v0701/coincident_TES_PMT_20190708113020.pkl,/gpfs/slac/staas/fs1/supercdms/data/CDMS/Animal/R70/Processed/Releases/ProdCoinc0701/Merged/27190708_113020.pkl
56,/nfs/slac/g/supercdms/tf/northwestern/AnimalData/AR70/processing_coinc_v0701/coincident_TES_PMT_20190708123304.pkl,/gpfs/slac/staas/fs1/supercdms/data/CDMS/Animal/R70/Processed/Releases/ProdCoinc0701/Merged/27190708_123304.pkl
57,/nfs/slac/g/supercdms/tf/northwestern/AnimalData/AR70/processing_coinc_v0701/coincident_TES_PMT_20190708133330.pkl,/gpfs/slac/staas/fs1/supercdms/data/CDMS/Animal/R70/Processed/Releases/ProdCoinc0701/Merged/27190708_133330.pkl
58,/nfs/slac/g/supercdms/tf/northwestern/AnimalData/AR70/processing_coinc_v0701/coincident_TES_PMT_20190708143352.pkl,/gpfs/slac/staas/fs1/supercdms/data/CDMS/Animal/R70/Processed/Releases/ProdCoinc0701/Merged/27190708_143352.pkl
59,/nfs/slac/g/supercdms/tf/northwestern/AnimalData/AR70/processing_coinc_v0701/coincident_TES_PMT_20190708151650.pkl,/gpfs/slac/staas/fs1/supercdms/data/CDMS/Animal/R70/Processed/Releases/ProdCoinc0701/Merged/27190708_151650.pkl
60,/nfs/slac/g/supercdms/tf/northwestern/AnimalData/AR70/processing_coinc_v0701/coincident_TES_PMT_20190708161659.pkl,/gpfs/slac/staas/fs1/supercdms/data/CDMS/Animal/R70/Processed/Releases/ProdCoinc0701/Merged/27190708_161659.pkl
61,/nfs/slac/g/supercdms/tf/northwestern/AnimalData/AR70/processing_coinc_v0701/coincident_TES_PMT_20190708171734.pkl,/gpfs/slac/staas/fs1/supercdms/data/CDMS/Animal/R70/Processed/Releases/ProdCoinc0701/Merged/27190708_171734.pkl
62,/nfs/slac/g/supercdms/tf/northwestern/AnimalData/AR70/processing_coinc_v0701/coincident_TES_PMT_20190708181741.pkl,/gpfs/slac/staas/fs1/supercdms/data/CDMS/Animal/R70/Processed/Releases/ProdCoinc0701/Merged/27190708_181741.pkl
63,/nfs/slac/g/supercdms/tf/northwestern/AnimalData/AR70/processing_coinc_v0701/coincident_TES_PMT_20190708191753.pkl,/gpfs/slac/staas/fs1/supercdms/data/CDMS/Animal/R70/Processed/Releases/ProdCoinc0701/Merged/27190708_191753.pkl
64,/nfs/slac/g/supercdms/tf/northwestern/AnimalData/AR70/processing_coinc_v0701/coincident_TES_PMT_20190708201804.pkl,/gpfs/slac/staas/fs1/supercdms/data/CDMS/Animal/R70/Processed/Releases/ProdCoinc0701/Merged/27190708_201804.pkl
65,/nfs/slac/g/supercdms/tf/northwestern/AnimalData/AR70/processing_coinc_v0701/coincident_TES_PMT_20190708211823.pkl,/gpfs/slac/staas/fs1/supercdms/data/CDMS/Animal/R70/Processed/Releases/ProdCoinc0701/Merged/27190708_211823.pkl
66,/nfs/slac/g/supercdms/tf/northwestern/AnimalData/AR70/processing_coinc_v0701/coincident_TES_PMT_20190709105323.pkl,/gpfs/slac/staas/fs1/supercdms/data/CDMS/Animal/R70/Processed/Releases/ProdCoinc0701/Merged/27190709_105323.pkl
67,/nfs/slac/g/supercdms/tf/northwestern/AnimalData/AR70/processing_coinc_v0701/coincident_TES_PMT_20190709114713.pkl,/gpfs/slac/staas/fs1/supercdms/data/CDMS/Animal/R70/Processed/Releases/ProdCoinc0701/Merged/27190709_114713.pkl
68,/nfs/slac/g/supercdms/tf/northwestern/AnimalData/AR70/processing_coinc_v0701/coincident_TES_PMT_20190709115925.pkl,/gpfs/slac/staas/fs1/supercdms/data/CDMS/Animal/R70/Processed/Releases/ProdCoinc0701/Merged/27190709_115925.pkl
69,/nfs/slac/g/supercdms/tf/northwestern/AnimalData/AR70/processing_coinc_v0701/coincident_TES_PMT_20190709130048.pkl,/gpfs/slac/staas/fs1/supercdms/data/CDMS/Animal/R70/Processed/Releases/ProdCoinc0701/Merged/27190709_130048.pkl
70,/nfs/slac/g/supercdms/tf/northwestern/AnimalData/AR70/processing_coinc_v0701/coincident_TES_PMT_20190709140208.pkl,/gpfs/slac/staas/fs1/supercdms/data/CDMS/Animal/R70/Processed/Releases/ProdCoinc0701/Merged/27190709_140208.pkl
71,/nfs/slac/g/supercdms/tf/northwestern/AnimalData/AR70/processing_coinc_v0701/coincident_TES_PMT_20190709150316.pkl,/gpfs/slac/staas/fs1/supercdms/data/CDMS/Animal/R70/Processed/Releases/ProdCoinc0701/Merged/27190709_150316.pkl
72,/nfs/slac/g/supercdms/tf/northwestern/AnimalData/AR70/processing_coinc_v0701/coincident_TES_PMT_20190709161044.pkl,/gpfs/slac/staas/fs1/supercdms/data/CDMS/Animal/R70/Processed/Releases/ProdCoinc0701/Merged/27190709_161044.pkl
73,/nfs/slac/g/supercdms/tf/northwestern/AnimalData/AR70/processing_coinc_v0701/coincident_TES_PMT_20190709171051.pkl,/gpfs/slac/staas/fs1/supercdms/data/CDMS/Animal/R70/Processed/Releases/ProdCoinc0701/Merged/27190709_171051.pkl
74,/nfs/slac/g/supercdms/tf/northwestern/AnimalData/AR70/processing_coinc_v0701/coincident_TES_PMT_20190709181058.pkl,/gpfs/slac/staas/fs1/supercdms/data/CDMS/Animal/R70/Processed/Releases/ProdCoinc0701/Merged/27190709_181058.pkl
75,/nfs/slac/g/supercdms/tf/northwestern/AnimalData/AR70/processing_coinc_v0701/coincident_TES_PMT_20190709191253.pkl,/gpfs/slac/staas/fs1/supercdms/data/CDMS/Animal/R70/Processed/Releases/ProdCoinc0701/Merged/27190709_191253.pkl
76,/nfs/slac/g/supercdms/tf/northwestern/AnimalData/AR70/processing_coinc_v0701/coincident_TES_PMT_20190709201333.pkl,/gpfs/slac/staas/fs1/supercdms/data/CDMS/Animal/R70/Processed/Releases/ProdCoinc0701/Merged/27190709_201333.pkl
77,/nfs/slac/g/supercdms/tf/northwestern/AnimalData/AR70/processing_coinc_v0701/coincident_TES_PMT_20190709211843.pkl,/gpfs/slac/staas/fs1/supercdms/data/CDMS/Animal/R70/Processed/Releases/ProdCoinc0701/Merged/27190709_211843.pkl
78,/nfs/slac/g/supercdms/tf/northwestern/AnimalData/AR70/processing_coinc_v0701/coincident_TES_PMT_20190710105509.pkl,/gpfs/slac/staas/fs1/supercdms/data/CDMS/Animal/R70/Processed/Releases/ProdCoinc0701/Merged/27190710_105509.pkl
79,/nfs/slac/g/supercdms/tf/northwestern/AnimalData/AR70/processing_coinc_v0701/coincident_TES_PMT_20190710114035.pkl,/gpfs/slac/staas/fs1/supercdms/data/CDMS/Animal/R70/Processed/Releases/ProdCoinc0701/Merged/27190710_114035.pkl
80,/nfs/slac/g/supercdms/tf/northwestern/AnimalData/AR70/processing_coinc_v0701/coincident_TES_PMT_20190710124135.pkl,/gpfs/slac/staas/fs1/supercdms/data/CDMS/Animal/R70/Processed/Releases/ProdCoinc0701/Merged/27190710_124135.pkl
81,/nfs/slac/g/supercdms/tf/northwestern/AnimalData/AR70/processing_coinc_v0701/coincident_TES_PMT_20190710134154.pkl,/gpfs/slac/staas/fs1/supercdms/data/CDMS/Animal/R70/Processed/Releases/ProdCoinc0701/Merged/27190710_134154.pkl
82,/nfs/slac/g/supercdms/tf/northwestern/AnimalData/AR70/processing_coinc_v0701/coincident_TES_PMT_20190710144338.pkl,/gpfs/slac/staas/fs1/supercdms/data/CDMS/Animal/R70/Processed/Releases/ProdCoinc0701/Merged/27190710_144338.pkl
83,/nfs/slac/g/supercdms/tf/northwestern/AnimalData/AR70/processing_coinc_v0701/coincident_TES_PMT_20190710162004.pkl,/gpfs/slac/staas/fs1/supercdms/data/CDMS/Animal/R70/Processed/Releases/ProdCoinc0701/Merged/27190710_162004.pkl
84,/nfs/slac/g/supercdms/tf/northwestern/AnimalData/AR70/processing_coinc_v0701/coincident_TES_PMT_20190710172306.pkl,/gpfs/slac/staas/fs1/supercdms/data/CDMS/Animal/R70/Processed/Releases/ProdCoinc0701/Merged/27190710_172306.pkl
85,/nfs/slac/g/supercdms/tf/northwestern/AnimalData/AR70/processing_coinc_v0701/coincident_TES_PMT_20190710182621.pkl,/gpfs/slac/staas/fs1/supercdms/data/CDMS/Animal/R70/Processed/Releases/ProdCoinc0701/Merged/27190710_182621.pkl
86,/nfs/slac/g/supercdms/tf/northwestern/AnimalData/AR70/processing_coinc_v0701/coincident_TES_PMT_20190710192650.pkl,/gpfs/slac/staas/fs1/supercdms/data/CDMS/Animal/R70/Processed/Releases/ProdCoinc0701/Merged/27190710_192650.pkl
87,/nfs/slac/g/supercdms/tf/northwestern/AnimalData/AR70/processing_coinc_v0701/coincident_TES_PMT_20190710202907.pkl,/gpfs/slac/staas/fs1/supercdms/data/CDMS/Animal/R70/Processed/Releases/ProdCoinc0701/Merged/27190710_202907.pkl
88,/nfs/slac/g/supercdms/tf/northwestern/AnimalData/AR70/processing_coinc_v0701/coincident_TES_PMT_20190710212959.pkl,/gpfs/slac/staas/fs1/supercdms/data/CDMS/Animal/R70/Processed/Releases/ProdCoinc0701/Merged/27190710_212959.pkl
89,/nfs/slac/g/supercdms/tf/northwestern/AnimalData/AR70/processing_coinc_v0701/coincident_TES_PMT_20190711115308.pkl,/gpfs/slac/staas/fs1/supercdms/data/CDMS/Animal/R70/Processed/Releases/ProdCoinc0701/Merged/27190711_115308.pkl
90,/nfs/slac/g/supercdms/tf/northwestern/AnimalData/AR70/processing_coinc_v0701/coincident_TES_PMT_20190711125331.pkl,/gpfs/slac/staas/fs1/supercdms/data/CDMS/Animal/R70/Processed/Releases/ProdCoinc0701/Merged/27190711_125331.pkl
91,/nfs/slac/g/supercdms/tf/northwestern/AnimalData/AR70/processing_coinc_v0701/coincident_TES_PMT_20190711135450.pkl,/gpfs/slac/staas/fs1/supercdms/data/CDMS/Animal/R70/Processed/Releases/ProdCoinc0701/Merged/27190711_135450.pkl
92,/nfs/slac/g/supercdms/tf/northwestern/AnimalData/AR70/processing_coinc_v0701/coincident_TES_PMT_20190711145523.pkl,/gpfs/slac/staas/fs1/supercdms/data/CDMS/Animal/R70/Processed/Releases/ProdCoinc0701/Merged/27190711_145523.pkl
93,/nfs/slac/g/supercdms/tf/northwestern/AnimalData/AR70/processing_coinc_v0701/coincident_TES_PMT_20190711155538.pkl,/gpfs/slac/staas/fs1/supercdms/data/CDMS/Animal/R70/Processed/Releases/ProdCoinc0701/Merged/27190711_155538.pkl
94,/nfs/slac/g/supercdms/tf/northwestern/AnimalData/AR70/processing_coinc_v0701/coincident_TES_PMT_20190711165706.pkl,/gpfs/slac/staas/fs1/supercdms/data/CDMS/Animal/R70/Processed/Releases/ProdCoinc0701/Merged/27190711_165706.pkl
95,/nfs/slac/g/supercdms/tf/northwestern/AnimalData/AR70/processing_coinc_v0701/coincident_TES_PMT_20190711175730.pkl,/gpfs/slac/staas/fs1/supercdms/data/CDMS/Animal/R70/Processed/Releases/ProdCoinc0701/Merged/27190711_175730.pkl
96,/nfs/slac/g/supercdms/tf/northwestern/AnimalData/AR70/processing_coinc_v0701/coincident_TES_PMT_20190711190009.pkl,/gpfs/slac/staas/fs1/supercdms/data/CDMS/Animal/R70/Processed/Releases/ProdCoinc0701/Merged/27190711_190009.pkl
97,/nfs/slac/g/supercdms/tf/northwestern/AnimalData/AR70/processing_coinc_v0701/coincident_TES_PMT_20190711200224.pkl,/gpfs/slac/staas/fs1/supercdms/data/CDMS/Animal/R70/Processed/Releases/ProdCoinc0701/Merged/27190711_200224.pkl
98,/nfs/slac/g/supercdms/tf/northwestern/AnimalData/AR70/processing_coinc_v0701/coincident_TES_PMT_20190711210303.pkl,/gpfs/slac/staas/fs1/supercdms/data/CDMS/Animal/R70/Processed/Releases/ProdCoinc0701/Merged/27190711_210303.pkl
99,/nfs/slac/g/supercdms/tf/northwestern/AnimalData/AR70/processing_coinc_v0701/coincident_TES_PMT_20190711220354.pkl,/gpfs/slac/staas/fs1/supercdms/data/CDMS/Animal/R70/Processed/Releases/ProdCoinc0701/Merged/27190711_220354.pkl
100,/nfs/slac/g/supercdms/tf/northwestern/AnimalData/AR70/processing_coinc_v0701/coincident_TES_PMT_20190712121443.pkl,/gpfs/slac/staas/fs1/supercdms/data/CDMS/Animal/R70/Processed/Releases/ProdCoinc0701/Merged/27190712_121443.pkl
101,/nfs/slac/g/supercdms/tf/northwestern/AnimalData/AR70/processing_coinc_v0701/coincident_TES_PMT_20190712131838.pkl,/gpfs/slac/staas/fs1/supercdms/data/CDMS/Animal/R70/Processed/Releases/ProdCoinc0701/Merged/27190712_131838.pkl
102,/nfs/slac/g/supercdms/tf/northwestern/AnimalData/AR70/processing_coinc_v0701/coincident_TES_PMT_20190712141424.pkl,/gpfs/slac/staas/fs1/supercdms/data/CDMS/Animal/R70/Processed/Releases/ProdCoinc0701/Merged/27190712_141424.pkl
103,/nfs/slac/g/supercdms/tf/northwestern/AnimalData/AR70/processing_coinc_v0701/coincident_TES_PMT_20190712142922.pkl,/gpfs/slac/staas/fs1/supercdms/data/CDMS/Animal/R70/Processed/Releases/ProdCoinc0701/Merged/27190712_142922.pkl
104,/nfs/slac/g/supercdms/tf/northwestern/AnimalData/AR70/processing_coinc_v0701/coincident_TES_PMT_20190712153112.pkl,/gpfs/slac/staas/fs1/supercdms/data/CDMS/Animal/R70/Processed/Releases/ProdCoinc0701/Merged/27190712_153112.pkl
105,/nfs/slac/g/supercdms/tf/northwestern/AnimalData/AR70/processing_coinc_v0701/coincident_TES_PMT_20190712163122.pkl,/gpfs/slac/staas/fs1/supercdms/data/CDMS/Animal/R70/Processed/Releases/ProdCoinc0701/Merged/27190712_163122.pkl
106,/nfs/slac/g/supercdms/tf/northwestern/AnimalData/AR70/processing_coinc_v0701/coincident_TES_PMT_20190712173329.pkl,/gpfs/slac/staas/fs1/supercdms/data/CDMS/Animal/R70/Processed/Releases/ProdCoinc0701/Merged/27190712_173329.pkl
107,/nfs/slac/g/supercdms/tf/northwestern/AnimalData/AR70/processing_coinc_v0701/coincident_TES_PMT_20190712183355.pkl,/gpfs/slac/staas/fs1/supercdms/data/CDMS/Animal/R70/Processed/Releases/ProdCoinc0701/Merged/27190712_183355.pkl
108,/nfs/slac/g/supercdms/tf/northwestern/AnimalData/AR70/processing_coinc_v0701/coincident_TES_PMT_20190712193523.pkl,/gpfs/slac/staas/fs1/supercdms/data/CDMS/Animal/R70/Processed/Releases/ProdCoinc0701/Merged/27190712_193523.pkl
109,/nfs/slac/g/supercdms/tf/northwestern/AnimalData/AR70/processing_coinc_v0701/coincident_TES_PMT_20190712203704.pkl,/gpfs/slac/staas/fs1/supercdms/data/CDMS/Animal/R70/Processed/Releases/ProdCoinc0701/Merged/27190712_203704.pkl
110,/nfs/slac/g/supercdms/tf/northwestern/AnimalData/AR70/processing_coinc_v0701/coincident_TES_PMT_20190712213732.pkl,/gpfs/slac/staas/fs1/supercdms/data/CDMS/Animal/R70/Processed/Releases/ProdCoinc0701/Merged/27190712_213732.pkl
111,/nfs/slac/g/supercdms/tf/northwestern/AnimalData/AR70/processing_coinc_v0701/coincident_TES_PMT_20190714120848.pkl,/gpfs/slac/staas/fs1/supercdms/data/CDMS/Animal/R70/Processed/Releases/ProdCoinc0701/Merged/27190714_120848.pkl
112,/nfs/slac/g/supercdms/tf/northwestern/AnimalData/AR70/processing_coinc_v0701/coincident_TES_PMT_20190714130908.pkl,/gpfs/slac/staas/fs1/supercdms/data/CDMS/Animal/R70/Processed/Releases/ProdCoinc0701/Merged/27190714_130908.pkl
113,/nfs/slac/g/supercdms/tf/northwestern/AnimalData/AR70/processing_coinc_v0701/coincident_TES_PMT_20190714141008.pkl,/gpfs/slac/staas/fs1/supercdms/data/CDMS/Animal/R70/Processed/Releases/ProdCoinc0701/Merged/27190714_141008.pkl
114,/nfs/slac/g/supercdms/tf/northwestern/AnimalData/AR70/processing_coinc_v0701/coincident_TES_PMT_20190714151040.pkl,/gpfs/slac/staas/fs1/supercdms/data/CDMS/Animal/R70/Processed/Releases/ProdCoinc0701/Merged/27190714_151040.pkl
115,/nfs/slac/g/supercdms/tf/northwestern/AnimalData/AR70/processing_coinc_v0701/coincident_TES_PMT_20190714161057.pkl,/gpfs/slac/staas/fs1/supercdms/data/CDMS/Animal/R70/Processed/Releases/ProdCoinc0701/Merged/27190714_161057.pkl
116,/nfs/slac/g/supercdms/tf/northwestern/AnimalData/AR70/processing_coinc_v0701/coincident_TES_PMT_20190714171204.pkl,/gpfs/slac/staas/fs1/supercdms/data/CDMS/Animal/R70/Processed/Releases/ProdCoinc0701/Merged/27190714_171204.pkl
117,/nfs/slac/g/supercdms/tf/northwestern/AnimalData/AR70/processing_coinc_v0701/coincident_TES_PMT_20190714181226.pkl,/gpfs/slac/staas/fs1/supercdms/data/CDMS/Animal/R70/Processed/Releases/ProdCoinc0701/Merged/27190714_181226.pkl
118,/nfs/slac/g/supercdms/tf/northwestern/AnimalData/AR70/processing_coinc_v0701/coincident_TES_PMT_20190714191240.pkl,/gpfs/slac/staas/fs1/supercdms/data/CDMS/Animal/R70/Processed/Releases/ProdCoinc0701/Merged/27190714_191240.pkl
119,/nfs/slac/g/supercdms/tf/northwestern/AnimalData/AR70/processing_coinc_v0701/coincident_TES_PMT_20190714203930.pkl,/gpfs/slac/staas/fs1/supercdms/data/CDMS/Animal/R70/Processed/Releases/ProdCoinc0701/Merged/27190714_203930.pkl
120,/nfs/slac/g/supercdms/tf/northwestern/AnimalData/AR70/processing_coinc_v0701/coincident_TES_PMT_20190714214924.pkl,/gpfs/slac/staas/fs1/supercdms/data/CDMS/Animal/R70/Processed/Releases/ProdCoinc0701/Merged/27190714_214924.pkl
121,/nfs/slac/g/supercdms/tf/northwestern/AnimalData/AR70/processing_coinc_v0701/coincident_TES_PMT_20190715112224.pkl,/gpfs/slac/staas/fs1/supercdms/data/CDMS/Animal/R70/Processed/Releases/ProdCoinc0701/Merged/27190715_112224.pkl
122,/nfs/slac/g/supercdms/tf/northwestern/AnimalData/AR70/processing_coinc_v0701/coincident_TES_PMT_20190715122247.pkl,/gpfs/slac/staas/fs1/supercdms/data/CDMS/Animal/R70/Processed/Releases/ProdCoinc0701/Merged/27190715_122247.pkl
123,/nfs/slac/g/supercdms/tf/northwestern/AnimalData/AR70/processing_coinc_v0701/coincident_TES_PMT_20190715132652.pkl,/gpfs/slac/staas/fs1/supercdms/data/CDMS/Animal/R70/Processed/Releases/ProdCoinc0701/Merged/27190715_132652.pkl
124,/nfs/slac/g/supercdms/tf/northwestern/AnimalData/AR70/processing_coinc_v0701/coincident_TES_PMT_20190715142833.pkl,/gpfs/slac/staas/fs1/supercdms/data/CDMS/Animal/R70/Processed/Releases/ProdCoinc0701/Merged/27190715_142833.pkl
125,/nfs/slac/g/supercdms/tf/northwestern/AnimalData/AR70/processing_coinc_v0701/coincident_TES_PMT_20190715154417.pkl,/gpfs/slac/staas/fs1/supercdms/data/CDMS/Animal/R70/Processed/Releases/ProdCoinc0701/Merged/27190715_154417.pkl
126,/nfs/slac/g/supercdms/tf/northwestern/AnimalData/AR70/processing_coinc_v0701/coincident_TES_PMT_20190715164430.pkl,/gpfs/slac/staas/fs1/supercdms/data/CDMS/Animal/R70/Processed/Releases/ProdCoinc0701/Merged/27190715_164430.pkl
127,/nfs/slac/g/supercdms/tf/northwestern/AnimalData/AR70/processing_coinc_v0701/coincident_TES_PMT_20190715174457.pkl,/gpfs/slac/staas/fs1/supercdms/data/CDMS/Animal/R70/Processed/Releases/ProdCoinc0701/Merged/27190715_174457.pkl
128,/nfs/slac/g/supercdms/tf/northwestern/AnimalData/AR70/processing_coinc_v0701/coincident_TES_PMT_20190715184504.pkl,/gpfs/slac/staas/fs1/supercdms/data/CDMS/Animal/R70/Processed/Releases/ProdCoinc0701/Merged/27190715_184504.pkl
129,/nfs/slac/g/supercdms/tf/northwestern/AnimalData/AR70/processing_coinc_v0701/coincident_TES_PMT_20190715194636.pkl,/gpfs/slac/staas/fs1/supercdms/data/CDMS/Animal/R70/Processed/Releases/ProdCoinc0701/Merged/27190715_194636.pkl
130,/nfs/slac/g/supercdms/tf/northwestern/AnimalData/AR70/processing_coinc_v0701/coincident_TES_PMT_20190715204649.pkl,/gpfs/slac/staas/fs1/supercdms/data/CDMS/Animal/R70/Processed/Releases/ProdCoinc0701/Merged/27190715_204649.pkl
131,/nfs/slac/g/supercdms/tf/northwestern/AnimalData/AR70/processing_coinc_v0701/coincident_TES_PMT_20190715214700.pkl,/gpfs/slac/staas/fs1/supercdms/data/CDMS/Animal/R70/Processed/Releases/ProdCoinc0701/Merged/27190715_214700.pkl
132,/nfs/slac/g/supercdms/tf/northwestern/AnimalData/AR70/processing_coinc_v0701/coincident_TES_PMT_20190716105305.pkl,/gpfs/slac/staas/fs1/supercdms/data/CDMS/Animal/R70/Processed/Releases/ProdCoinc0701/Merged/27190716_105305.pkl
133,/nfs/slac/g/supercdms/tf/northwestern/AnimalData/AR70/processing_coinc_v0701/coincident_TES_PMT_20190716115319.pkl,/gpfs/slac/staas/fs1/supercdms/data/CDMS/Animal/R70/Processed/Releases/ProdCoinc0701/Merged/27190716_115319.pkl
134,/nfs/slac/g/supercdms/tf/northwestern/AnimalData/AR70/processing_coinc_v0701/coincident_TES_PMT_20190716130914.pkl,/gpfs/slac/staas/fs1/supercdms/data/CDMS/Animal/R70/Processed/Releases/ProdCoinc0701/Merged/27190716_130914.pkl
135,/nfs/slac/g/supercdms/tf/northwestern/AnimalData/AR70/processing_coinc_v0701/coincident_TES_PMT_20190716140927.pkl,/gpfs/slac/staas/fs1/supercdms/data/CDMS/Animal/R70/Processed/Releases/ProdCoinc0701/Merged/27190716_140927.pkl
136,/nfs/slac/g/supercdms/tf/northwestern/AnimalData/AR70/processing_coinc_v0701/coincident_TES_PMT_20190716151001.pkl,/gpfs/slac/staas/fs1/supercdms/data/CDMS/Animal/R70/Processed/Releases/ProdCoinc0701/Merged/27190716_151001.pkl
137,/nfs/slac/g/supercdms/tf/northwestern/AnimalData/AR70/processing_coinc_v0701/coincident_TES_PMT_20190716161017.pkl,/gpfs/slac/staas/fs1/supercdms/data/CDMS/Animal/R70/Processed/Releases/ProdCoinc0701/Merged/27190716_161017.pkl
138,/nfs/slac/g/supercdms/tf/northwestern/AnimalData/AR70/processing_coinc_v0701/coincident_TES_PMT_20190716171308.pkl,/gpfs/slac/staas/fs1/supercdms/data/CDMS/Animal/R70/Processed/Releases/ProdCoinc0701/Merged/27190716_171308.pkl
139,/nfs/slac/g/supercdms/tf/northwestern/AnimalData/AR70/processing_coinc_v0701/coincident_TES_PMT_20190716181312.pkl,/gpfs/slac/staas/fs1/supercdms/data/CDMS/Animal/R70/Processed/Releases/ProdCoinc0701/Merged/27190716_181312.pkl
140,/nfs/slac/g/supercdms/tf/northwestern/AnimalData/AR70/processing_coinc_v0701/coincident_TES_PMT_20190716191506.pkl,/gpfs/slac/staas/fs1/supercdms/data/CDMS/Animal/R70/Processed/Releases/ProdCoinc0701/Merged/27190716_191506.pkl
141,/nfs/slac/g/supercdms/tf/northwestern/AnimalData/AR70/processing_coinc_v0701/coincident_TES_PMT_20190716201518.pkl,/gpfs/slac/staas/fs1/supercdms/data/CDMS/Animal/R70/Processed/Releases/ProdCoinc0701/Merged/27190716_201518.pkl
142,/nfs/slac/g/supercdms/tf/northwestern/AnimalData/AR70/processing_coinc_v0701/coincident_TES_PMT_20190716202119.pkl,/gpfs/slac/staas/fs1/supercdms/data/CDMS/Animal/R70/Processed/Releases/ProdCoinc0701/Merged/27190716_202119.pkl
143,/nfs/slac/g/supercdms/tf/northwestern/AnimalData/AR70/processing_coinc_v0701/coincident_TES_PMT_20190716212129.pkl,/gpfs/slac/staas/fs1/supercdms/data/CDMS/Animal/R70/Processed/Releases/ProdCoinc0701/Merged/27190716_212129.pkl
144,/nfs/slac/g/supercdms/tf/northwestern/AnimalData/AR70/processing_coinc_v0701/coincident_TES_PMT_20190717110614.pkl,/gpfs/slac/staas/fs1/supercdms/data/CDMS/Animal/R70/Processed/Releases/ProdCoinc0701/Merged/27190717_110614.pkl
145,/nfs/slac/g/supercdms/tf/northwestern/AnimalData/AR70/processing_coinc_v0701/coincident_TES_PMT_20190717120744.pkl,/gpfs/slac/staas/fs1/supercdms/data/CDMS/Animal/R70/Processed/Releases/ProdCoinc0701/Merged/27190717_120744.pkl
146,/nfs/slac/g/supercdms/tf/northwestern/AnimalData/AR70/processing_coinc_v0701/coincident_TES_PMT_20190717130851.pkl,/gpfs/slac/staas/fs1/supercdms/data/CDMS/Animal/R70/Processed/Releases/ProdCoinc0701/Merged/27190717_130851.pkl
147,/nfs/slac/g/supercdms/tf/northwestern/AnimalData/AR70/processing_coinc_v0701/coincident_TES_PMT_20190717141154.pkl,/gpfs/slac/staas/fs1/supercdms/data/CDMS/Animal/R70/Processed/Releases/ProdCoinc0701/Merged/27190717_141154.pkl
148,/nfs/slac/g/supercdms/tf/northwestern/AnimalData/AR70/processing_coinc_v0701/coincident_TES_PMT_20190717151309.pkl,/gpfs/slac/staas/fs1/supercdms/data/CDMS/Animal/R70/Processed/Releases/ProdCoinc0701/Merged/27190717_151309.pkl
149,/nfs/slac/g/supercdms/tf/northwestern/AnimalData/AR70/processing_coinc_v0701/coincident_TES_PMT_20190717161449.pkl,/gpfs/slac/staas/fs1/supercdms/data/CDMS/Animal/R70/Processed/Releases/ProdCoinc0701/Merged/27190717_161449.pkl
150,/nfs/slac/g/supercdms/tf/northwestern/AnimalData/AR70/processing_coinc_v0701/coincident_TES_PMT_20190717171509.pkl,/gpfs/slac/staas/fs1/supercdms/data/CDMS/Animal/R70/Processed/Releases/ProdCoinc0701/Merged/27190717_171509.pkl
151,/nfs/slac/g/supercdms/tf/northwestern/AnimalData/AR70/processing_coinc_v0701/coincident_TES_PMT_20190717181536.pkl,/gpfs/slac/staas/fs1/supercdms/data/CDMS/Animal/R70/Processed/Releases/ProdCoinc0701/Merged/27190717_181536.pkl
152,/nfs/slac/g/supercdms/tf/northwestern/AnimalData/AR70/processing_coinc_v0701/coincident_TES_PMT_20190717191700.pkl,/gpfs/slac/staas/fs1/supercdms/data/CDMS/Animal/R70/Processed/Releases/ProdCoinc0701/Merged/27190717_191700.pkl
153,/nfs/slac/g/supercdms/tf/northwestern/AnimalData/AR70/processing_coinc_v0701/coincident_TES_PMT_20190717201743.pkl,/gpfs/slac/staas/fs1/supercdms/data/CDMS/Animal/R70/Processed/Releases/ProdCoinc0701/Merged/27190717_201743.pkl
154,/nfs/slac/g/supercdms/tf/northwestern/AnimalData/AR70/processing_coinc_v0701/coincident_TES_PMT_20190717211757.pkl,/gpfs/slac/staas/fs1/supercdms/data/CDMS/Animal/R70/Processed/Releases/ProdCoinc0701/Merged/27190717_211757.pkl
155,/nfs/slac/g/supercdms/tf/northwestern/AnimalData/AR70/processing_coinc_v0701/coincident_TES_PMT_20190718105010.pkl,/gpfs/slac/staas/fs1/supercdms/data/CDMS/Animal/R70/Processed/Releases/ProdCoinc0701/Merged/27190718_105010.pkl
156,/nfs/slac/g/supercdms/tf/northwestern/AnimalData/AR70/processing_coinc_v0701/coincident_TES_PMT_20190718115020.pkl,/gpfs/slac/staas/fs1/supercdms/data/CDMS/Animal/R70/Processed/Releases/ProdCoinc0701/Merged/27190718_115020.pkl
157,/nfs/slac/g/supercdms/tf/northwestern/AnimalData/AR70/processing_coinc_v0701/coincident_TES_PMT_20190718125326.pkl,/gpfs/slac/staas/fs1/supercdms/data/CDMS/Animal/R70/Processed/Releases/ProdCoinc0701/Merged/27190718_125326.pkl
158,/nfs/slac/g/supercdms/tf/northwestern/AnimalData/AR70/processing_coinc_v0701/coincident_TES_PMT_20190718135354.pkl,/gpfs/slac/staas/fs1/supercdms/data/CDMS/Animal/R70/Processed/Releases/ProdCoinc0701/Merged/27190718_135354.pkl
159,/nfs/slac/g/supercdms/tf/northwestern/AnimalData/AR70/processing_coinc_v0701/coincident_TES_PMT_20190718145402.pkl,/gpfs/slac/staas/fs1/supercdms/data/CDMS/Animal/R70/Processed/Releases/ProdCoinc0701/Merged/27190718_145402.pkl
160,/nfs/slac/g/supercdms/tf/northwestern/AnimalData/AR70/processing_coinc_v0701/coincident_TES_PMT_20190718155742.pkl,/gpfs/slac/staas/fs1/supercdms/data/CDMS/Animal/R70/Processed/Releases/ProdCoinc0701/Merged/27190718_155742.pkl
161,/nfs/slac/g/supercdms/tf/northwestern/AnimalData/AR70/processing_coinc_v0701/coincident_TES_PMT_20190718165750.pkl,/gpfs/slac/staas/fs1/supercdms/data/CDMS/Animal/R70/Processed/Releases/ProdCoinc0701/Merged/27190718_165750.pkl
162,/nfs/slac/g/supercdms/tf/northwestern/AnimalData/AR70/processing_coinc_v0701/coincident_TES_PMT_20190718175818.pkl,/gpfs/slac/staas/fs1/supercdms/data/CDMS/Animal/R70/Processed/Releases/ProdCoinc0701/Merged/27190718_175818.pkl
163,/nfs/slac/g/supercdms/tf/northwestern/AnimalData/AR70/processing_coinc_v0701/coincident_TES_PMT_20190718185830.pkl,/gpfs/slac/staas/fs1/supercdms/data/CDMS/Animal/R70/Processed/Releases/ProdCoinc0701/Merged/27190718_185830.pkl
164,/nfs/slac/g/supercdms/tf/northwestern/AnimalData/AR70/processing_coinc_v0701/coincident_TES_PMT_20190718195932.pkl,/gpfs/slac/staas/fs1/supercdms/data/CDMS/Animal/R70/Processed/Releases/ProdCoinc0701/Merged/27190718_195932.pkl
165,/nfs/slac/g/supercdms/tf/northwestern/AnimalData/AR70/processing_coinc_v0701/coincident_TES_PMT_20190718205959.pkl,/gpfs/slac/staas/fs1/supercdms/data/CDMS/Animal/R70/Processed/Releases/ProdCoinc0701/Merged/27190718_205959.pkl
166,/nfs/slac/g/supercdms/tf/northwestern/AnimalData/AR70/processing_coinc_v0701/coincident_TES_PMT_20190719131455.pkl,/gpfs/slac/staas/fs1/supercdms/data/CDMS/Animal/R70/Processed/Releases/ProdCoinc0701/Merged/27190719_131455.pkl
167,/nfs/slac/g/supercdms/tf/northwestern/AnimalData/AR70/processing_coinc_v0701/coincident_TES_PMT_20190719141507.pkl,/gpfs/slac/staas/fs1/supercdms/data/CDMS/Animal/R70/Processed/Releases/ProdCoinc0701/Merged/27190719_141507.pkl
168,/nfs/slac/g/supercdms/tf/northwestern/AnimalData/AR70/processing_coinc_v0701/coincident_TES_PMT_20190719151921.pkl,/gpfs/slac/staas/fs1/supercdms/data/CDMS/Animal/R70/Processed/Releases/ProdCoinc0701/Merged/27190719_151921.pkl
169,/nfs/slac/g/supercdms/tf/northwestern/AnimalData/AR70/processing_coinc_v0701/coincident_TES_PMT_20190719162108.pkl,/gpfs/slac/staas/fs1/supercdms/data/CDMS/Animal/R70/Processed/Releases/ProdCoinc0701/Merged/27190719_162108.pkl
170,/nfs/slac/g/supercdms/tf/northwestern/AnimalData/AR70/processing_coinc_v0701/coincident_TES_PMT_20190719172135.pkl,/gpfs/slac/staas/fs1/supercdms/data/CDMS/Animal/R70/Processed/Releases/ProdCoinc0701/Merged/27190719_172135.pkl
171,/nfs/slac/g/supercdms/tf/northwestern/AnimalData/AR70/processing_coinc_v0701/coincident_TES_PMT_20190719182142.pkl,/gpfs/slac/staas/fs1/supercdms/data/CDMS/Animal/R70/Processed/Releases/ProdCoinc0701/Merged/27190719_182142.pkl
172,/nfs/slac/g/supercdms/tf/northwestern/AnimalData/AR70/processing_coinc_v0701/coincident_TES_PMT_20190719192152.pkl,/gpfs/slac/staas/fs1/supercdms/data/CDMS/Animal/R70/Processed/Releases/ProdCoinc0701/Merged/27190719_192152.pkl
173,/nfs/slac/g/supercdms/tf/northwestern/AnimalData/AR70/processing_coinc_v0701/coincident_TES_PMT_20190719202210.pkl,/gpfs/slac/staas/fs1/supercdms/data/CDMS/Animal/R70/Processed/Releases/ProdCoinc0701/Merged/27190719_202210.pkl
174,/nfs/slac/g/supercdms/tf/northwestern/AnimalData/AR70/processing_coinc_v0701/coincident_TES_PMT_20190719212445.pkl,/gpfs/slac/staas/fs1/supercdms/data/CDMS/Animal/R70/Processed/Releases/ProdCoinc0701/Merged/27190719_212445.pkl
175,/nfs/slac/g/supercdms/tf/northwestern/AnimalData/AR70/processing_coinc_v0701/coincident_TES_PMT_20190719222558.pkl,/gpfs/slac/staas/fs1/supercdms/data/CDMS/Animal/R70/Processed/Releases/ProdCoinc0701/Merged/27190719_222558.pkl
176,/nfs/slac/g/supercdms/tf/northwestern/AnimalData/AR70/processing_coinc_v0701/coincident_TES_PMT_20190720112659.pkl,/gpfs/slac/staas/fs1/supercdms/data/CDMS/Animal/R70/Processed/Releases/ProdCoinc0701/Merged/27190720_112659.pkl
177,/nfs/slac/g/supercdms/tf/northwestern/AnimalData/AR70/processing_coinc_v0701/coincident_TES_PMT_20190720130200.pkl,/gpfs/slac/staas/fs1/supercdms/data/CDMS/Animal/R70/Processed/Releases/ProdCoinc0701/Merged/27190720_130200.pkl
178,/nfs/slac/g/supercdms/tf/northwestern/AnimalData/AR70/processing_coinc_v0701/coincident_TES_PMT_20190720140301.pkl,/gpfs/slac/staas/fs1/supercdms/data/CDMS/Animal/R70/Processed/Releases/ProdCoinc0701/Merged/27190720_140301.pkl
179,/nfs/slac/g/supercdms/tf/northwestern/AnimalData/AR70/processing_coinc_v0701/coincident_TES_PMT_20190720150318.pkl,/gpfs/slac/staas/fs1/supercdms/data/CDMS/Animal/R70/Processed/Releases/ProdCoinc0701/Merged/27190720_150318.pkl
180,/nfs/slac/g/supercdms/tf/northwestern/AnimalData/AR70/processing_coinc_v0701/coincident_TES_PMT_20190720160639.pkl,/gpfs/slac/staas/fs1/supercdms/data/CDMS/Animal/R70/Processed/Releases/ProdCoinc0701/Merged/27190720_160639.pkl
181,/nfs/slac/g/supercdms/tf/northwestern/AnimalData/AR70/processing_coinc_v0701/coincident_TES_PMT_20190720170622.pkl,/gpfs/slac/staas/fs1/supercdms/data/CDMS/Animal/R70/Processed/Releases/ProdCoinc0701/Merged/27190720_170622.pkl
182,/nfs/slac/g/supercdms/tf/northwestern/AnimalData/AR70/processing_coinc_v0701/coincident_TES_PMT_20190720181134.pkl,/gpfs/slac/staas/fs1/supercdms/data/CDMS/Animal/R70/Processed/Releases/ProdCoinc0701/Merged/27190720_181134.pkl
183,/nfs/slac/g/supercdms/tf/northwestern/AnimalData/AR70/processing_coinc_v0701/coincident_TES_PMT_20190720192229.pkl,/gpfs/slac/staas/fs1/supercdms/data/CDMS/Animal/R70/Processed/Releases/ProdCoinc0701/Merged/27190720_192229.pkl
184,/nfs/slac/g/supercdms/tf/northwestern/AnimalData/AR70/processing_coinc_v0701/coincident_TES_PMT_20190720202239.pkl,/gpfs/slac/staas/fs1/supercdms/data/CDMS/Animal/R70/Processed/Releases/ProdCoinc0701/Merged/27190720_202239.pkl
185,/nfs/slac/g/supercdms/tf/northwestern/AnimalData/AR70/processing_coinc_v0701/coincident_TES_PMT_20190720213255.pkl,/gpfs/slac/staas/fs1/supercdms/data/CDMS/Animal/R70/Processed/Releases/ProdCoinc0701/Merged/27190720_213255.pkl
186,/nfs/slac/g/supercdms/tf/northwestern/AnimalData/AR70/processing_coinc_v0701/coincident_TES_PMT_20190721111504.pkl,/gpfs/slac/staas/fs1/supercdms/data/CDMS/Animal/R70/Processed/Releases/ProdCoinc0701/Merged/27190721_111504.pkl
187,/nfs/slac/g/supercdms/tf/northwestern/AnimalData/AR70/processing_coinc_v0701/coincident_TES_PMT_20190721121533.pkl,/gpfs/slac/staas/fs1/supercdms/data/CDMS/Animal/R70/Processed/Releases/ProdCoinc0701/Merged/27190721_121533.pkl
188,/nfs/slac/g/supercdms/tf/northwestern/AnimalData/AR70/processing_coinc_v0701/coincident_TES_PMT_20190721131545.pkl,/gpfs/slac/staas/fs1/supercdms/data/CDMS/Animal/R70/Processed/Releases/ProdCoinc0701/Merged/27190721_131545.pkl
189,/nfs/slac/g/supercdms/tf/northwestern/AnimalData/AR70/processing_coinc_v0701/coincident_TES_PMT_20190721141556.pkl,/gpfs/slac/staas/fs1/supercdms/data/CDMS/Animal/R70/Processed/Releases/ProdCoinc0701/Merged/27190721_141556.pkl
190,/nfs/slac/g/supercdms/tf/northwestern/AnimalData/AR70/processing_coinc_v0701/coincident_TES_PMT_20190721151611.pkl,/gpfs/slac/staas/fs1/supercdms/data/CDMS/Animal/R70/Processed/Releases/ProdCoinc0701/Merged/27190721_151611.pkl
191,/nfs/slac/g/supercdms/tf/northwestern/AnimalData/AR70/processing_coinc_v0701/coincident_TES_PMT_20190721161718.pkl,/gpfs/slac/staas/fs1/supercdms/data/CDMS/Animal/R70/Processed/Releases/ProdCoinc0701/Merged/27190721_161718.pkl
192,/nfs/slac/g/supercdms/tf/northwestern/AnimalData/AR70/processing_coinc_v0701/coincident_TES_PMT_20190721171731.pkl,/gpfs/slac/staas/fs1/supercdms/data/CDMS/Animal/R70/Processed/Releases/ProdCoinc0701/Merged/27190721_171731.pkl
193,/nfs/slac/g/supercdms/tf/northwestern/AnimalData/AR70/processing_coinc_v0701/coincident_TES_PMT_20190721181805.pkl,/gpfs/slac/staas/fs1/supercdms/data/CDMS/Animal/R70/Processed/Releases/ProdCoinc0701/Merged/27190721_181805.pkl
194,/nfs/slac/g/supercdms/tf/northwestern/AnimalData/AR70/processing_coinc_v0701/coincident_TES_PMT_20190721192109.pkl,/gpfs/slac/staas/fs1/supercdms/data/CDMS/Animal/R70/Processed/Releases/ProdCoinc0701/Merged/27190721_192109.pkl
195,/nfs/slac/g/supercdms/tf/northwestern/AnimalData/AR70/processing_coinc_v0701/coincident_TES_PMT_20190721202141.pkl,/gpfs/slac/staas/fs1/supercdms/data/CDMS/Animal/R70/Processed/Releases/ProdCoinc0701/Merged/27190721_202141.pkl
196,/nfs/slac/g/supercdms/tf/northwestern/AnimalData/AR70/processing_coinc_v0701/coincident_TES_PMT_20190721212536.pkl,/gpfs/slac/staas/fs1/supercdms/data/CDMS/Animal/R70/Processed/Releases/ProdCoinc0701/Merged/27190721_212536.pkl
197,/nfs/slac/g/supercdms/tf/northwestern/AnimalData/AR70/processing_coinc_v0701/coincident_TES_PMT_20190722115915.pkl,/gpfs/slac/staas/fs1/supercdms/data/CDMS/Animal/R70/Processed/Releases/ProdCoinc0701/Merged/27190722_115915.pkl
198,/nfs/slac/g/supercdms/tf/northwestern/AnimalData/AR70/processing_coinc_v0701/coincident_TES_PMT_20190722125930.pkl,/gpfs/slac/staas/fs1/supercdms/data/CDMS/Animal/R70/Processed/Releases/ProdCoinc0701/Merged/27190722_125930.pkl
199,/nfs/slac/g/supercdms/tf/northwestern/AnimalData/AR70/processing_coinc_v0701/coincident_TES_PMT_20190722135945.pkl,/gpfs/slac/staas/fs1/supercdms/data/CDMS/Animal/R70/Processed/Releases/ProdCoinc0701/Merged/27190722_135945.pkl
200,/nfs/slac/g/supercdms/tf/northwestern/AnimalData/AR70/processing_coinc_v0701/coincident_TES_PMT_20190722145958.pkl,/gpfs/slac/staas/fs1/supercdms/data/CDMS/Animal/R70/Processed/Releases/ProdCoinc0701/Merged/27190722_145958.pkl
201,/nfs/slac/g/supercdms/tf/northwestern/AnimalData/AR70/processing_coinc_v0701/coincident_TES_PMT_20190722160052.pkl,/gpfs/slac/staas/fs1/supercdms/data/CDMS/Animal/R70/Processed/Releases/ProdCoinc0701/Merged/27190722_160052.pkl
202,/nfs/slac/g/supercdms/tf/northwestern/AnimalData/AR70/processing_coinc_v0701/coincident_TES_PMT_20190722170419.pkl,/gpfs/slac/staas/fs1/supercdms/data/CDMS/Animal/R70/Processed/Releases/ProdCoinc0701/Merged/27190722_170419.pkl
203,/nfs/slac/g/supercdms/tf/northwestern/AnimalData/AR70/processing_coinc_v0701/coincident_TES_PMT_20190722180646.pkl,/gpfs/slac/staas/fs1/supercdms/data/CDMS/Animal/R70/Processed/Releases/ProdCoinc0701/Merged/27190722_180646.pkl
204,/nfs/slac/g/supercdms/tf/northwestern/AnimalData/AR70/processing_coinc_v0701/coincident_TES_PMT_20190722192437.pkl,/gpfs/slac/staas/fs1/supercdms/data/CDMS/Animal/R70/Processed/Releases/ProdCoinc0701/Merged/27190722_192437.pkl
205,/nfs/slac/g/supercdms/tf/northwestern/AnimalData/AR70/processing_coinc_v0701/coincident_TES_PMT_20190722202449.pkl,/gpfs/slac/staas/fs1/supercdms/data/CDMS/Animal/R70/Processed/Releases/ProdCoinc0701/Merged/27190722_202449.pkl
206,/nfs/slac/g/supercdms/tf/northwestern/AnimalData/AR70/processing_coinc_v0701/coincident_TES_PMT_20190722212457.pkl,/gpfs/slac/staas/fs1/supercdms/data/CDMS/Animal/R70/Processed/Releases/ProdCoinc0701/Merged/27190722_212457.pkl
207,/nfs/slac/g/supercdms/tf/northwestern/AnimalData/AR70/processing_coinc_v0701/coincident_TES_PMT_20190722222511.pkl,/gpfs/slac/staas/fs1/supercdms/data/CDMS/Animal/R70/Processed/Releases/ProdCoinc0701/Merged/27190722_222511.pkl
