TES	Type	Volt	PMT
20190703121358	Beam	100	20190703121403
20190703133457	Beam	100	20190703133501
20190703145238	Beam	100	20190703145242
20190703150933	Beam	100	20190703150930
20190703161354	Beam	100	20190703161356
20190703171511	Beam	100	20190703171512
20190703181711	Beam	100	20190703181714
20190703191802	Beam	100	20190703191757
20190703201837	Beam	100	20190703201840
20190704110350	Beam	100	20190704110349
20190704114751	Beam	100	20190704114753
20190704125008	Beam	100	20190704125011
20190704135507	Beam	100	20190704135508
20190704142803	Beam	100	20190704142804
20190704153833	Beam	100	20190704153840
20190704163933	Beam	100	20190704163938
20190704174055	Beam	100	20190704174058
20190704174904	Beam	100	20190704174908
20190704185057	Beam	100	20190704185057
20190704195829	Beam	100	20190704195835
20190705104342	Beam	100	20190705104347
20190705114603	Beam	100	20190705114606
20190705124305	Beam	100	20190705124311
20190705135751	Beam	100	20190705135755
20190705150304	Beam	100	20190705150309
20190705160429	Beam	100	20190705160434
20190705170508	Beam	100	20190705170515
20190705180350	Beam	100	20190705180356
20190705190710	Beam	100	20190705190706
20190705191828	Beam	100	20190705191836
20190705193102	Beam	100	20190705193058
20190705195516	Beam	100	20190705195523
20190705205559	Beam	100	20190705205608
20190705210415	Beam	100	20190705205608
20190705212902	Beam	100	20190705212903
20190706131614	Beam	20	20190706131616
20190706141654	Beam	20	20190706141655
20190706151700	Beam	20	20190706151702
20190706152308	Beam	20	20190706161806
20190706162033	Beam	20	20190706162036
20190706172047	Beam	20	20190706172051
20190706182100	Beam	20	20190706182103
20190706193810	Beam	20	20190706193813
20190706203821	Beam	20	20190706203823
20190706213837	Beam	20	20190706213840
20190707115021	Beam	20	20190707115024
20190707125741	Beam	20	20190707125745
20190707140349	Beam	20	20190707140354
20190707150805	Beam	20	20190707150810
20190707160923	Beam	20	20190707160927
20190707171620	Beam	20	20190707171626
20190707181752	Beam	20	20190707181758
20190707191817	Beam	20	20190707191822
20190707202157	Beam	20	20190707202201
20190707212901	Beam	20	20190707212902
20190708113020	Beam	20	20190708113021
20190708123304	Beam	20	20190708123305
20190708133330	Beam	20	20190708123332
20190708143352	Beam	20	20190708143352
20190708151650	Beam	20	20190708151651
20190708161659	Beam	20	20190708161702
20190708171734	Beam	20	20190708171736
20190708181741	Beam	20	20190708181745
20190708191753	Beam	20	20190708191756
20190708201804	Beam	20	20190708201808
20190708211823	Beam	20	20190708211826
20190709105323	Beam	100	20190709105325
20190709114713	Beam	100	20190709114713
20190709115925	Beam	100	20190709115924
20190709130048	Beam	100	20190709130049
20190709140208	Beam	100	20190709140210
20190709150316	Beam	100	20190709150316
20190709161044	Beam	0	20190709161046
20190709171051	Beam	0	20190709171053
20190709181058	Beam	0	20190709181059
20190709191253	Beam	0	20190709191256
20190709201333	Beam	0	20190709201334
20190709211843	Beam	0	20190709211844
20190710105509	Beam	100	20190710105511
20190710114035	Beam	100	20190710114038
20190710124135	Beam	100	20190710124137
20190710134154	Beam	100	20190710134156
20190710144338	Beam	100	20190710144339
20190710162004	Beam	100	20190710162008
20190710172306	Beam	100	20190710172308
20190710182621	Beam	100	20190710182619
20190710192650	Beam	100	20190710192655
20190710202907	Beam	100	20190710202913
20190710212959	Beam	100	20190710213003
20190711115308	Beam	100	20190711115309
20190711125331	Beam	100	20190711125332
20190711135450	Beam	100	20190711135451
20190711145523	Beam	100	20190711145524
20190711155538	Beam	100	20190711155539
20190711165706	Beam	100	20190711165710
20190711175730	Beam	100	20190711175732
20190711190009	Beam	100	20190711190010
20190711200224	Beam	100	20190711200227
20190711210303	Beam	100	20190711210305
20190711220354	Beam	100	20190711220357
20190712121443	Beam + Laser	100	20190712121444
20190712131838	Beam + Laser	100	20190712131838
20190712141424	Beam	100	20190712141426
20190712142922	Beam	100	20190712142926
20190712153112	Beam	100	20190712153116
20190712163122	Beam	100	20190712163124
20190712173329	Beam	100	20190712173333
20190712183355	Beam	100	20190712183355
20190712193523	Beam	100	20190712193523
20190712203704	Beam	100	20190712203707
20190712213732	Beam	100	20190712213733
20190714120848	Beam + Laser	0	20190714120850
20190714130908	Beam + Laser	0	20190714130913
20190714141008	Beam + Laser	0	20190714141008
20190714151040	Beam + Laser	0	20190714151040
20190714161057	Beam + Laser	0	20190714161057
20190714171204	Beam + Laser	0	20190714171204
20190714181226	Beam + Laser	0	20190714181226
20190714191240	Beam + Laser	0	20190714191245
20190714203930	Beam + Laser	0	20190714203932
20190714214924	Beam + Laser	0	20190714214925
20190715112224	Beam + Laser	100	20190715112225
20190715122247	Beam + Laser	100	20190715122249
20190715132652	Beam + Laser	100	20190715132654
20190715142833	Beam + Laser	100	20190715142832
20190715154417	Beam + Laser	100	20190715154419
20190715164430	Beam + Laser	100	20190715164430
20190715174457	Beam + Laser	100	20190715174457
20190715184504	Beam + Laser	100	20190715184508
20190715194636	Beam + Laser	100	20190715194638
20190715204649	Beam + Laser	100	20190715204652
20190715214700	Beam + Laser	100	20190715214703
20190716105305	Beam + Laser	100	20190716105310
20190716115319	Beam + Laser	100	20190716115324
20190716130914	Beam + Laser	100	20190716130918
20190716140927	Beam + Laser	100	20190716140931
20190716151001	Beam + Laser	100	20190716151002
20190716161017	Beam + Laser	100	20190716161021
20190716171308	Beam + Laser	100	20190716171310
20190716181312	Beam + Laser	100	20190716181318
20190716191506	Beam + Laser	100	20190716191508
20190716201518	Beam + Laser	100	20190716201519
20190716202119	Beam + Laser	100	20190716202121
20190716212129	Beam + Laser	100	20190716212130
20190717110614	Beam + Laser	100	20190717110613
20190717120744	Beam + Laser	100	20190717120744
20190717130851	Beam + Laser	100	20190717130850
20190717141154	Beam + Laser	100	20190717141156
20190717151309	Beam + Laser	100	20190717151309
20190717161449	Beam + Laser	100	20190717161450
20190717171509	Beam + Laser	100	20190717171510
20190717181536	Beam + Laser	100	20190717181537
20190717191700	Beam + Laser	100	20190717191702
20190717201743	Beam + Laser	100	20190717201745
20190717211757	Beam + Laser	100	20190717211759
20190718105010	Beam + Laser	100	20190718105010
20190718115020	Beam + Laser	100	20190718115021
20190718125326	Beam + Laser	100	20190718125323
20190718135354	Beam + Laser	100	20190718135354
20190718145402	Beam + Laser	100	20190718145402
20190718155742	Beam + Laser	100	20190718155743
20190718165750	Beam + Laser	100	20190718165750
20190718175818	Beam + Laser	100	20190718175821
20190718185830	Beam + Laser	100	20190718185831
20190718195932	Beam + Laser	100	20190718195934
20190718205959	Beam + Laser	100	20190718210003
20190719131455	Beam + Laser	180	20190719131458
20190719141507	Beam + Laser	180	20190719141513
20190719151921	Beam + Laser	180	20190719151926
20190719162108	Beam + Laser	180	20190719162113
20190719172135	Beam + Laser	180	20190719172135
20190719182142	Beam + Laser	180	20190719182145
20190719192152	Beam + Laser	180	20190719192156
20190719202210	Beam + Laser	180	20190719202209
20190719212445	Beam + Laser	180	20190719212445
20190719222558	Beam + Laser	180	20190719222600
20190720112659	Beam + Laser	180	20190720112701
20190720130200	Beam + Laser	180	20190720130200
20190720140301	Beam + Laser	180	20190720140303
20190720150318	Beam + Laser	180	20190720150319
20190720160639	Beam + Laser	180	20190720160641
20190720170622	Beam + Laser	180	20190720170623
20190720181134	Beam + Laser	180	20190720181136
20190720192229	Beam + Laser	180	20190720192230
20190720202239	Beam + Laser	180	20190720202242
20190720213255	Beam + Laser	180	20190720213258
20190721111504	Beam + Laser	180	20190721111505
20190721121533	Beam + Laser	180	20190721121534
20190721131545	Beam + Laser	180	20190721131548
20190721141556	Beam + Laser	180	20190721141559
20190721151611	Beam + Laser	180	20190721151614
20190721161718	Beam + Laser	180	20190721161721
20190721171731	Beam + Laser	180	20190721171736
20190721181805	Beam + Laser	180	20190721181805
20190721192109	Beam + Laser	180	20190721192110
20190721202141	Beam + Laser	180	20190721202145
20190721212536	Beam + Laser	180	20190721212539
20190722115915	Beam + Laser	180	20190722115914
20190722125930	Beam + Laser	180	20190722125930
20190722135945	Beam + Laser	180	20190722135945
20190722145958	Beam + Laser	180	20190722145959
20190722160052	Beam + Laser	180	20190722160051
20190722170419	Beam + Laser	180	20190722170417
20190722180646	Beam + Laser	180	20190722180647
20190722192437	Beam + Laser	180	20190722192437
20190722202449	Beam + Laser	180	20190722202449
20190722212457	Beam + Laser	180	20190722212458
20190722222511	Beam + Laser	180	20190722222510
